	NT	VT	ZT	RO	FG
NT		0.027534418	0.040180402	0.038348083	0.038866027
VT			0.057547957	0.04164576	0.038676608
ZT				0.028992629	0.071311475
RO					0.034772855
FG					