	NT	VT	ZT	RO	FG
NT		0.12243	0.10023	0.12081	0.11486
VT			0.045047	0.10382	0.1073
ZT				0.088264	0.088257
RO					0.0812
FG					